date,sessions
2024-01-01,8632
2024-01-02,8757
2024-01-03,9530
2024-01-04,9351
2024-01-05,8852
2024-01-06,6239
2024-01-07,5691
2024-01-08,9452
2024-01-09,9493
2024-01-10,9342
2024-01-11,9120
2024-01-12,8426
2024-01-13,6082
2024-01-14,6553
2024-01-15,9320
2024-01-16,9480
2024-01-17,9202
2024-01-18,8778
2024-01-19,8723
2024-01-20,6375
2024-01-21,6528
2024-01-22,9498
2024-01-23,9002
2024-01-24,9374
2024-01-25,9187
2024-01-26,8718
2024-01-27,6904
2024-01-28,6438
2024-01-29,9756
2024-01-30,9710
2024-01-31,9576
2024-02-01,10057
2024-02-02,8617
2024-02-03,6309
2024-02-04,6201
2024-02-05,10233
2024-02-06,9623
2024-02-07,9339
2024-02-08,8874
2024-02-09,8513
2024-02-10,6638
2024-02-11,6366
2024-02-12,10266
2024-02-13,10219
2024-02-14,9977
2024-02-15,9928
2024-02-16,9261
2024-02-17,6356
2024-02-18,6362
2024-02-19,10026
2024-02-20,10612
2024-02-21,9803
2024-02-22,8886
2024-02-23,9025
2024-02-24,6313
2024-02-25,6251
2024-02-26,10807
2024-02-27,10365
2024-02-28,9669
2024-02-29,9558
2024-03-01,9118
2024-03-02,6519
2024-03-03,6295
2024-03-04,9784
2024-03-05,10648
2024-03-06,10339
2024-03-07,9842
2024-03-08,8561
2024-03-09,6509
2024-03-10,6414
2024-03-11,9904
2024-03-12,10306
2024-03-13,9827
2024-03-14,10025
2024-03-15,8765
2024-03-16,6782
2024-03-17,6679
2024-03-18,9964
2024-03-19,10944
2024-03-20,10544
2024-03-21,10515
2024-03-22,9547
2024-03-23,7024
2024-03-24,6848
2024-03-25,9895
2024-03-26,9725
2024-03-27,10076
2024-03-28,10512
2024-03-29,9698
2024-03-30,6469
2024-03-31,6472
2024-04-01,10195
2024-04-02,10318
2024-04-03,10179
2024-04-04,9314
2024-04-05,9446
2024-04-06,7359
2024-04-07,6632
2024-04-08,9203
2024-04-09,10968
2024-04-10,10026
2024-04-11,10588
2024-04-12,9419
2024-04-13,6751
2024-04-14,6661
2024-04-15,11224
2024-04-16,10641
2024-04-17,10378
2024-04-18,9794
2024-04-19,9439
2024-04-20,6340
2024-04-21,6452
2024-04-22,9803
2024-04-23,9880
2024-04-24,10585
2024-04-25,9597
2024-04-26,9420
2024-04-27,7112
2024-04-28,6551
2024-04-29,9882
2024-04-30,10478
2024-05-01,10544
2024-05-02,9725
2024-05-03,9271
2024-05-04,6448
2024-05-05,6356
2024-05-06,9971
2024-05-07,10582
2024-05-08,10470
2024-05-09,9942
2024-05-10,8968
2024-05-11,7287
2024-05-12,6655
2024-05-13,9958
2024-05-14,10309
2024-05-15,9985
2024-05-16,10111
2024-05-17,9324
2024-05-18,6931
2024-05-19,6584
2024-05-20,9755
2024-05-21,10367
2024-05-22,10556
2024-05-23,10129
2024-05-24,9099
2024-05-25,5824
2024-05-26,6005
2024-05-27,10247
2024-05-28,9767
2024-05-29,10264
2024-05-30,10275
2024-05-31,9497
2024-06-01,6919
2024-06-02,6602
2024-06-03,10297
2024-06-04,10263
2024-06-05,10125
2024-06-06,10629
2024-06-07,8961
2024-06-08,7363
2024-06-09,6447
2024-06-10,9768
2024-06-11,10584
2024-06-12,10045
2024-06-13,9291
2024-06-14,9068
2024-06-15,7245
2024-06-16,6722
2024-06-17,10698
2024-06-18,9265
2024-06-19,9727
2024-06-20,10224
2024-06-21,9475
2024-06-22,7028
2024-06-23,5816
2024-06-24,10325
2024-06-25,10198
2024-06-26,10905
2024-06-27,9343
2024-06-28,9144
2024-06-29,6574
2024-06-30,6791
2024-07-01,9838
2024-07-02,9496
2024-07-03,10332
2024-07-04,10038
2024-07-05,9214
2024-07-06,6988
2024-07-07,6247
2024-07-08,10137
2024-07-09,9609
2024-07-10,10095
2024-07-11,9752
2024-07-12,8651
2024-07-13,7264
2024-07-14,6479
2024-07-15,10293
2024-07-16,9687
2024-07-17,10222
2024-07-18,8946
2024-07-19,8514
2024-07-20,6172
2024-07-21,6546
2024-07-22,9299
2024-07-23,9337
2024-07-24,9321
2024-07-25,9557
2024-07-26,8374
2024-07-27,6794
2024-07-28,6702
2024-07-29,9733
2024-07-30,9627
2024-07-31,10187
2024-08-01,9631
2024-08-02,9036
2024-08-03,6660
2024-08-04,6508
2024-08-05,9601
2024-08-06,9747
2024-08-07,9230
2024-08-08,9533
2024-08-09,8873
2024-08-10,6659
2024-08-11,6153
2024-08-12,8694
2024-08-13,10404
2024-08-14,9937
2024-08-15,8852
2024-08-16,7997
2024-08-17,6594
2024-08-18,6233
2024-08-19,9735
2024-08-20,9686
2024-08-21,10417
2024-08-22,9101
2024-08-23,7874
2024-08-24,6669
2024-08-25,6071
2024-08-26,9107
2024-08-27,9516
2024-08-28,9810
2024-08-29,9138
2024-08-30,8403
2024-08-31,6259
2024-09-01,6202
2024-09-02,10132
2024-09-03,9301
2024-09-04,9823
2024-09-05,8979
2024-09-06,8457
2024-09-07,6287
2024-09-08,6153
2024-09-09,9753
2024-09-10,9766
2024-09-11,9465
2024-09-12,9078
2024-09-13,8541
2024-09-14,6567
2024-09-15,6331
2024-09-16,9337
2024-09-17,9575
2024-09-18,9404
2024-09-19,9335
2024-09-20,8992
2024-09-21,6117
2024-09-22,6371
2024-09-23,9398
2024-09-24,9683
2024-09-25,9565
2024-09-26,9544
2024-09-27,9254
2024-09-28,6390
2024-09-29,6033
2024-09-30,9474
2024-10-01,10020
2024-10-02,9375
2024-10-03,8949
2024-10-04,8978
2024-10-05,6517
2024-10-06,5891
2024-10-07,9621
2024-10-08,9861
2024-10-09,9879
2024-10-10,9703
2024-10-11,9276
2024-10-12,6206
2024-10-13,5852
2024-10-14,10017
2024-10-15,9722
2024-10-16,9793
2024-10-17,9507
2024-10-18,8471
2024-10-19,6992
2024-10-20,6269
2024-10-21,9772
2024-10-22,10327
2024-10-23,10407
2024-10-24,10178
2024-10-25,8885
2024-10-26,6915
2024-10-27,6258
2024-10-28,9608
2024-10-29,9691
2024-10-30,10434
2024-10-31,9518
2024-11-01,9199
2024-11-02,6840
2024-11-03,5999
2024-11-04,9759
2024-11-05,9446
2024-11-06,9232
2024-11-07,9541
2024-11-08,9184
2024-11-09,7187
2024-11-10,6711
2024-11-11,9715
2024-11-12,10451
2024-11-13,9541
2024-11-14,9234
2024-11-15,8534
2024-11-16,6348
2024-11-17,6698
2024-11-18,10144
2024-11-19,9362
2024-11-20,10191
2024-11-21,9280
2024-11-22,8805
2024-11-23,6734
2024-11-24,6272
2024-11-25,10190
2024-11-26,10336
2024-11-27,10732
2024-11-28,10596
2024-11-29,9171
2024-11-30,7107
2024-12-01,6428
2024-12-02,9922
2024-12-03,9901
2024-12-04,10134
2024-12-05,9909
2024-12-06,9585
2024-12-07,7260
2024-12-08,6836
2024-12-09,10999
2024-12-10,11277
2024-12-11,10056
2024-12-12,10113
2024-12-13,9818
2024-12-14,7433
2024-12-15,6460
2024-12-16,10065
2024-12-17,10698
2024-12-18,11363
2024-12-19,10017
2024-12-20,9870
2024-12-21,7039
2024-12-22,6304
2024-12-23,10791
2024-12-24,10786
2024-12-25,10535
2024-12-26,10764
2024-12-27,10021
2024-12-28,7226
2024-12-29,7160
2024-12-30,10632
2024-12-31,10937
2025-01-01,11246
2025-01-02,10888
2025-01-03,9690
2025-01-04,7340
2025-01-05,7247
2025-01-06,10142
2025-01-07,11711
2025-01-08,11363
2025-01-09,10728
2025-01-10,10330
2025-01-11,7475
2025-01-12,6882
2025-01-13,11416
2025-01-14,11107
2025-01-15,11564
2025-01-16,10660
2025-01-17,10404
2025-01-18,7898
2025-01-19,6947
2025-01-20,11182
2025-01-21,11462
2025-01-22,12031
2025-01-23,10553
2025-01-24,10070
2025-01-25,7766
2025-01-26,7145
2025-01-27,10760
2025-01-28,10770
2025-01-29,11922
2025-01-30,10592
2025-01-31,10078
2025-02-01,7913
2025-02-02,7455
2025-02-03,11605
2025-02-04,11948
2025-02-05,11142
2025-02-06,10763
2025-02-07,10365
2025-02-08,7705
2025-02-09,7142
2025-02-10,11484
2025-02-11,12065
2025-02-12,11085
2025-02-13,11406
2025-02-14,10378
2025-02-15,7662
2025-02-16,7708
2025-02-17,11085
2025-02-18,11594
2025-02-19,11912
2025-02-20,10703
2025-02-21,11069
2025-02-22,8061
2025-02-23,7053
2025-02-24,11230
2025-02-25,12324
2025-02-26,11815
2025-02-27,11509
2025-02-28,10374
2025-03-01,7693
2025-03-02,7856
2025-03-03,11420
2025-03-04,11639
2025-03-05,11920
2025-03-06,11616
2025-03-07,10799
2025-03-08,7556
2025-03-09,8203
2025-03-10,12033
2025-03-11,12014
2025-03-12,12017
2025-03-13,12120
2025-03-14,10815
2025-03-15,8340
2025-03-16,7833
2025-03-17,12608
2025-03-18,11391
2025-03-19,12842
2025-03-20,11735
2025-03-21,10982
2025-03-22,8163
2025-03-23,7562
2025-03-24,11091
2025-03-25,11522
2025-03-26,12833
2025-03-27,11470
2025-03-28,10714
2025-03-29,8373
2025-03-30,8064
2025-03-31,11841
2025-04-01,12309
2025-04-02,12011
2025-04-03,11215
2025-04-04,10698
2025-04-05,8016
2025-04-06,8455
2025-04-07,11674
2025-04-08,12520
2025-04-09,11825
2025-04-10,12041
2025-04-11,10629
2025-04-12,8465
2025-04-13,7674
2025-04-14,11467
2025-04-15,13082
2025-04-16,12345
2025-04-17,12220
2025-04-18,10698
2025-04-19,7616
2025-04-20,7598
2025-04-21,12610
2025-04-22,12811
2025-04-23,11637
2025-04-24,11578
2025-04-25,10914
2025-04-26,7940
2025-04-27,7594
2025-04-28,12314
2025-04-29,12098
2025-04-30,12530
2025-05-01,12184
2025-05-02,10776
2025-05-03,8425
2025-05-04,7658
2025-05-05,11859
2025-05-06,11773
2025-05-07,12055
2025-05-08,12923
2025-05-09,11101
2025-05-10,7649
2025-05-11,7604
2025-05-12,12808
2025-05-13,11266
2025-05-14,12233
2025-05-15,11647
2025-05-16,10580
2025-05-17,8248
2025-05-18,7686
2025-05-19,11359
2025-05-20,11585
2025-05-21,11602
2025-05-22,11366
2025-05-23,10977
2025-05-24,8188
2025-05-25,7204
2025-05-26,12601
2025-05-27,12747
2025-05-28,11995
2025-05-29,11906
2025-05-30,10709
2025-05-31,8061
2025-06-01,7624
2025-06-02,12285
2025-06-03,12159
2025-06-04,11500
2025-06-05,11394
2025-06-06,11185
2025-06-07,7564
2025-06-08,6912
2025-06-09,11154
2025-06-10,11751
2025-06-11,11625
2025-06-12,10482
2025-06-13,10240
2025-06-14,8613
2025-06-15,7745
2025-06-16,11618
2025-06-17,12139
2025-06-18,12051
2025-06-19,10700
2025-06-20,11141
2025-06-21,8352
2025-06-22,7441
2025-06-23,11022
2025-06-24,11915
2025-06-25,12448
2025-06-26,11923
2025-06-27,10569
2025-06-28,8089
2025-06-29,7776
2025-06-30,11810
2025-07-01,11863
2025-07-02,11243
2025-07-03,11848
2025-07-04,10087
2025-07-05,7842
2025-07-06,7777
2025-07-07,11445
2025-07-08,12380
2025-07-09,11039
2025-07-10,11437
2025-07-11,10156
2025-07-12,7825
2025-07-13,7290
2025-07-14,11770
2025-07-15,11524
2025-07-16,12501
2025-07-17,10934
2025-07-18,9800
2025-07-19,7650
2025-07-20,7431
2025-07-21,11306
2025-07-22,11646
2025-07-23,11599
2025-07-24,10988
2025-07-25,10239
2025-07-26,8079
2025-07-27,7627
2025-07-28,11992
2025-07-29,12011
2025-07-30,12191
2025-07-31,10776
2025-08-01,10592
2025-08-02,7633
2025-08-03,6905
2025-08-04,11214
2025-08-05,11714
2025-08-06,11201
2025-08-07,11409
2025-08-08,10175
2025-08-09,7422
2025-08-10,7404
2025-08-11,11846
2025-08-12,11536
2025-08-13,11439
2025-08-14,10117
2025-08-15,10360
2025-08-16,7599
2025-08-17,6810
2025-08-18,11784
2025-08-19,11491
2025-08-20,11389
2025-08-21,11736
2025-08-22,10184
2025-08-23,7989
2025-08-24,6859
2025-08-25,10599
2025-08-26,11809
2025-08-27,11377
2025-08-28,10716
2025-08-29,9884
2025-08-30,7648
2025-08-31,7503
2025-09-01,10627
2025-09-02,10833
2025-09-03,11078
2025-09-04,11546
2025-09-05,10718
2025-09-06,8139
2025-09-07,7258
2025-09-08,11557
2025-09-09,12001
2025-09-10,11594
2025-09-11,11524
2025-09-12,9654
2025-09-13,7688
2025-09-14,7553
2025-09-15,11829
2025-09-16,11401
2025-09-17,11022
2025-09-18,11089
2025-09-19,9823
2025-09-20,7086
2025-09-21,7215
2025-09-22,10655
2025-09-23,11290
2025-09-24,11473
2025-09-25,10379
2025-09-26,10214
2025-09-27,7614
2025-09-28,7814
2025-09-29,10627
2025-09-30,10573
2025-10-01,10313
2025-10-02,11132
2025-10-03,10176
2025-10-04,8266
2025-10-05,7083
2025-10-06,10863
2025-10-07,11506
2025-10-08,11555
2025-10-09,10786
2025-10-10,9744
2025-10-11,7176
2025-10-12,7033
2025-10-13,11454
2025-10-14,11265
2025-10-15,11344
2025-10-16,11815
2025-10-17,11120
2025-10-18,7972
2025-10-19,7226
2025-10-20,10666
2025-10-21,11309
2025-10-22,11300
2025-10-23,11018
2025-10-24,10130
2025-10-25,7863
2025-10-26,6950
2025-10-27,11262
2025-10-28,11456
2025-10-29,11405
2025-10-30,11219
2025-10-31,10176
2025-11-01,7150
2025-11-02,7216
2025-11-03,11758
2025-11-04,12392
2025-11-05,12334
2025-11-06,11588
2025-11-07,9309
2025-11-08,8652
2025-11-09,7740
2025-11-10,11461
2025-11-11,11332
2025-11-12,11098
2025-11-13,10955
2025-11-14,9950
2025-11-15,7731
2025-11-16,7658
2025-11-17,10967
2025-11-18,11311
2025-11-19,11245
2025-11-20,11647
2025-11-21,11611
2025-11-22,8657
2025-11-23,7616
2025-11-24,11468
2025-11-25,11231
2025-11-26,11762
2025-11-27,11577
2025-11-28,10936
2025-11-29,8569
2025-11-30,7666
2025-12-01,12244
2025-12-02,11990
2025-12-03,11313
2025-12-04,11200
2025-12-05,9903
2025-12-06,7910
2025-12-07,7460
2025-12-08,11820
2025-12-09,13117
2025-12-10,12470
2025-12-11,10722
2025-12-12,10846
2025-12-13,7947
2025-12-14,7743
2025-12-15,11556
2025-12-16,12464
2025-12-17,12511
2025-12-18,12061
2025-12-19,11244
2025-12-20,8819
2025-12-21,7434
2025-12-22,11940
2025-12-23,12194
2025-12-24,12269
2025-12-25,11803
2025-12-26,10601
2025-12-27,7827
2025-12-28,8024
2025-12-29,11896
2025-12-30,12212
